Workbook

Sheet ValueProperties
A1: Parameter | B1: unit | C1: Value/Equation
A2: Longueur du champ | B2: meter | C2: 500
A3: Largeur du champ | B3: meter | C3: 300
A4: Distance Base-Field | B4: meter | C4: 1000
A5: Latteral SOI Range | B5: meter | C5: 10
A6: Vitesse moyenne | B6: meter per second | C6: 1
A7: Max Speed | B7: meter per second | C7: 15
A8: Temps de demi-tour | B8: second | C8: 10
A9: Capacité du réservoir | B9: litres | C9: 15
A10: Dose appliquée | B10: liteter per second | C10: 0.02
A11: Temps de refuel | B11: second | C11: 120
A12: Poids de la structure | B12: kilogram | C12: 10
A13: Poids du produit transporté | B13: kilogram | C13: 15
... A17: Vitesse de recharge de batterie | B17: hour | C17: 3

Sheet Equations
A1: Parameter | B1: unit | C1: Value/Equation | D1: Result | E1: Formated
A2: Surface du champ | B2: m² | C2: Longueur champ * Largeur champ | D2: =ValueProperties!C2*ValueProperties!C3 -> 150000 | E2: =D2 -> 150000 | F2: =D2/10000 -> 15 | G2: hectare
A3: Produit nécessaire | B3: litres | C3: Surface champ * Dose appliquée | D3: =D2*ValueProperties!C10 -> 3000 | E3: =D3 -> 3000
A4: Nombre de rangées | C4: Largeur champ / Largeur d'application | D4: =ValueProperties!C3/ValueProperties!C5 -> 30 | E4: =D4 -> 30
A5: Temps de traitement par rangée | B5: seconds | C5: Longueur champ / Vitesse moyenne | D5: =ValueProperties!C3/ValueProperties!C6 -> 300 | E5: =D5 -> 300
A6: Temps de traitement total | B6: seconds | C6: (Temps traitement rangée + Temps demi-tour) * Nombre de rangées | D6: =(D5+ValueProperties!C8)*D4 -> 9300 | E6: =D6 -> 9300 | F6: =D6/60 -> 155 | G6: min | H6: =TRUNC(F6/60,1) -> 2.5 | I6: heures
A7: Nombre de recharges de produit | C7: Produit nécessaire / Capacité du réservoir | D7: =D3/ValueProperties!C9 -> 200 | E7: =D7 -> 200
A8: Temps trajet recharge produit | B8: seconds | C8: Nombre de recharges de produit * Temps de trajet base-champ | D8: =D7*D13 -> 13333.333 | E8: =D8 -> 13333.333 | F8: =D8/60 -> 222.22222 | G8: min | H8: =TRUNC(F8/60,1) -> 3.7 | I8: heures
A9: Temps de refuel total | B9: seconds | C9: Nombre de recharges produit * (Temps de refuel + Temps trajet Base-Champ) | D9: =D7*ValueProperties!C11 +D8 -> 37333.333 | E9: =D9 -> 37333.333 | F9: =D9/60 -> 622.22222 | G9: min | H9: =TRUNC(F9/60,1) -> 10.3 | I9: heures
A10: Énergie nécessaire pour la mission | B10: wat hours | C10: (Temps traitement * Efficacité énergétique * (Poids structure + Poids produit + Poids batterie)) | D10: =D6/3600*ValueProperties!C14*(ValueProperties!C15+ValueProperties!C13+ValueProperties!C12) -> 7750 | E10: =D10 -> 7750 | F10: =D10/1000 -> 7.75 | G10: kw
A11: Nombre de recharges de batterie | C11: Énergie nécessaire pour la mission / Capacité de la batterie | D11: =D10/ValueProperties!C16 -> 2.5833333 | E11: =ROUNDUP(D11,1) -> 2.6
A12: Temps de rechages batterie TOTAL | B12: seconds | C12: Durée recharge totale = nombre de recharge * ( vitesse de recharge + Temps trajet Base-Champ) | D12: =D11*(ValueProperties!C17*3600+D13) -> 28072.222 | E12: =ROUNDUP(D12,0) -> 28073 | F12: =D12/60 -> 467.87037 | G12: min | H12: =TRUNC(F12/60,1) -> 7.7 | I12: heures
A13: Temps de trajet base-champ | B13: seconds | C13: Distance Base-Field / Max Speed | D13: =ValueProperties!C4/ValueProperties!C7 -> 66.666667 | E13: =ROUNDUP(D13,0) -> 67 | F13: =TRUNC(D13/60,1) -> 1.1 | G13: min
A14: Durée totale de la mission | B14: seconds | C14: Temps total mission = Temps Traitement Total + Temps Refuel Total + 2 * Temps base-champs + temps de recharge batterie | D14: =D6+D9+D13*2+D12 -> 74838.889 | E14: =ROUNDUP(D14,0) -> 74839 | F14: =TRUNC(D14/60,1) -> 1247.3 | G14: min | H14: =TRUNC(F14/60,1) -> 20.7 | I14: heures
A15: Durée totale de la mission | B15: hour | C15: Durée totale de la mission/3600 | D15: =D14/3600 -> 20.78858 | E15: =ROUNDUP(D15,0) -> 21
